id,population
1,146498
2,186140
3,379694
4,83029
5,226679
6,206503
7,281953
8,205233
9,218262
10,418476
11,566390
12,235470
13,152109
14,426803
15,93527
16,178413
17,188357
18,165338
19,587564
20,38103
21,87609
22,461389
23,261425
24,806449
25,632460
26,485592
27,310816
28,539640
29,211985
30,458082
31,180724
32,163513
33,165136
34,305158
35,111225
36,152257
37,203086
38,387797
39,1566900
40,1166098
41,1139840
42,2015789
43,3740163
44,161756
45,381013
46,360747
47,123594
48,145286
49,110454
50,169562
51,268748
52,204916
53,141836
54,157624
55,192031
56,509350
57,136544
58,83152
59,59847
60,272540
61,247967
62,61594
63,55579
64,118579
65,75461
66,40136
67,25385
68,2235961
69,1115361
70,2113774
71,2853355
72,1649006
73,305184
74,313967
75,602255
76,334116
77,329307
78,352746
79,309831
80,317664
81,219732
82,323740
83,5042974
84,190845
85,2484478
86,3827709
87,1601803
88,2215850
89,513440
90,2055780
91,1633095
92,2185392
93,1823757
94,1903115
95,2341097
96,2382689
97,983156
98,318269
99,321154
100,678414
101,1113003
102,1239625
103,854137
104,1539120
105,2438389
106,1101346
107,1641787
108,984463
109,1707643
110,762811
111,868931
112,973332
113,1836554
114,1800474
115,1099436
116,1412325
117,1141886
118,861845
119,1344158
120,952035
121,1274773
122,124924
123,298595
124,1622520
125,275982
126,802239
127,1262500
128,1260617
129,911915
130,1458047
131,930043
133,745956
134,612552
135,175351
136,989399
137,959277
138,885823
139,552650
140,1386100
141,754521
142,1055287
143,845832
144,1057363
145,1656309
146,196593
147,1188585
148,144760
149,1297837
150,763230
151,1231669
152,2592332
154,1323288
155,1496539
156,280979
157,1338800
158,1097480
159,712660
160,201948
161,676717
162,2429292
163,809511
164,1080426
165,133368
166,1070730
167,884012
168,576442
169,791801
170,1554543
171,204420
172,908289
173,1072182
174,225754
175,827452
176,1788836
177,671396
178,1114882
179,2806306
180,712994
181,1163591
182,1072123
183,280364
184,234192
185,694252
186,392022
187,226289
188,895052
189,651598
190,626995
191,477764
192,205866
193,230376
194,398562
195,122044
196,216751
197,534699
198,635915
199,303403
200,209323
201,246363
202,216613
203,314747
205,231032
206,305840
207,335875
208,171152
209,121455
210,108064
211,150227
212,136060
213,405719
214,144302
215,241059
216,403684
217,70052
218,103158
219,249434
220,122219
221,141344
222,50651
223,598043
224,207564
225,161413
226,156133
227,652273
228,412698
229,240048
230,157774
231,753370
232,201635
233,146712
234,71912
235,168532
236,1030529
237,237168
238,140267
239,88711
240,114157
241,203153
242,1167101
243,450991
244,1803479
245,1149851
246,1105990
247,878874
248,161830
249,1088611
250,969537
251,472815
252,130218
253,244050
254,48853
255,76658
256,249931
257,163976
258,213426
259,103245
260,372438
261,200232
262,100838
263,418805
264,177367
265,202600
266,204858
267,125689
268,519376
269,137176
270,211198
271,936725
272,1027883
273,1280446
274,411745
275,132219
276,504308
277,207426
278,406024
279,266768
280,276851
281,486484
282,434275
283,131102
284,253496
285,565101
286,320393
287,138655
288,311644
289,526219
290,233114
291,459972
292,247816
293,101471
294,138500
295,52690
296,162313
297,604586
298,57785
299,413514
300,100405
301,219592
302,303488
303,273474
304,244095
305,104288
306,355650
307,69081
308,20120
309,226520
310,31423
311,311939
312,106830
313,726264
314,264270
315,610493
316,416582
317,722441
318,323047
319,855819
320,360804
321,626082
322,557660
323,407312
324,164148
325,201086
326,205875
327,434562
328,513194
329,192703
330,168820
331,859377
332,435035
333,237016
334,747257
335,405776
336,290930
337,353095
338,371209
339,1652305
340,395306
341,180256
342,358294
343,175088
344,407299
345,133622
346,317912
347,255596
348,250996
349,281198
350,513504
351,475786
352,177556
353,355664
354,124877
355,530229
356,228029
357,359598
358,440079
359,238440
360,150591
361,208588
362,152249
363,133619
364,319107
365,348775
366,131645
367,308093
368,303169
369,331087
370,283809
371,107977
372,218675
373,593746
374,211443
375,461959
376,347326
377,215354
378,331880
379,99072
380,96478
381,519049
382,113407
383,201455
384,80534
385,64416
386,366169
387,50770
388,458083
389,827617
390,85915
391,424846
392,312202
393,126319
394,513462
395,61705
396,230240
397,174595
398,371604
399,362030
400,798030
401,742426
402,208698
403,720214
404,600449
405,580980
406,428382
407,715840
408,405980
409,623484
410,351626
411,136327
412,1549147
413,188214
414,1117443
415,269232
416,318457
417,1774426
418,191927
419,393776
420,1200986
422,1031519
423,475220
424,2467183
425,357571
426,522399
427,225670
428,48246
429,278249
430,142681
431,635809
432,95035
433,1001382
434,165880
435,818426
436,354046
437,304893
438,169905
439,204978
440,913407
441,749447
442,417473
443,1063448
444,407904